title,price,image
Apple AirTag 4 Pack,$88.99,https://images-na.ssl-images-amazon.com/images/I/71gY9E+cTaS._AC_UL600_SR600,400_.jpg
Apple AirTag,$28.99,https://images-na.ssl-images-amazon.com/images/I/713xuNx00oS._AC_UL600_SR600,400_.jpg
Fire TV Stick 4K. streaming device with Alexa. vibrant 4K picture quality. TV and smart home controls. free and live TV,$24.99,https://images-na.ssl-images-amazon.com/images/I/41GYmjbeVSL._AC_UL600_SR600,400_.jpg
Fire TV Stick 4K Max streaming device. Wi-Fi 6. Alexa Voice Remote (includes TV controls),$26.99,https://images-na.ssl-images-amazon.com/images/I/41Xfz3eizpL._AC_UL600_SR600,400_.jpg
Apple AirPods Pro (2nd Generation) Wireless Earbuds. Up to 2X More Active Noise Cancelling. Adaptive Transparency. Personalized Spatial Audio. MagSafe Charging Case. Bluetooth Headphones for iPhone,$199.00,https://images-na.ssl-images-amazon.com/images/I/61f1YfTkTDL._AC_UL600_SR600,400_.jpg
Apple AirPods (2nd Generation) Wireless Earbuds with Lightning Charging Case Included. Over 24 Hours of Battery Life. Effortless Setup. Bluetooth Headphones for iPhone,$99.00,https://images-na.ssl-images-amazon.com/images/I/61Zh467pKjL._AC_UL600_SR600,400_.jpg
Fire TV Stick with Alexa Voice Remote (includes TV controls). free & live TV without cable or satellite. HD streaming device,$39.99,https://images-na.ssl-images-amazon.com/images/I/51TjJOTfslL._AC_UL600_SR600,400_.jpg
Apple EarPods Headphones with Lightning Connector. Microphone with Built-in Remote to Control Music. Phone Calls. and Volume. Wired Earbuds for iPhone,$16.99,https://images-na.ssl-images-amazon.com/images/I/41-aexp44tL._AC_UL600_SR600,400_.jpg
Sony ZX Series Wired On-Ear Headphones. Black MDR-ZX110,null,https://images-na.ssl-images-amazon.com/images/I/71ZC0hq5mGL._AC_UL600_SR600,400_.jpg
Apple iPad (9th Generation): with A13 Bionic chip. 10.2-inch Retina Display. 64GB. Wi-Fi. 12MP front/8MP Back Camera. Touch ID. All-Day Battery Life – Space Gray,$269.99,https://images-na.ssl-images-amazon.com/images/I/61NGnpjoRDL._AC_UL600_SR600,400_.jpg
6 Ft Surge Protector Power Strip - 8 Widely Outlets with 4 USB Ports. 3 Side Outlet Extender with 6 Feet Extension Cord. Flat Plug. Wall Mount. Desk USB Charging Station. ETL.White,$14.98,https://images-na.ssl-images-amazon.com/images/I/613PfZba9RL._AC_UL600_SR600,400_.jpg
Apple Lightning to 3.5 mm Headphone Jack Adapter,$7.99,https://images-na.ssl-images-amazon.com/images/I/31mmFtpMqOL._AC_UL600_SR600,400_.jpg
Blink Video Doorbell | Two-way audio. HD video. motion and chime app alerts and Alexa enabled — wired or wire-free (Black),$59.99,https://images-na.ssl-images-amazon.com/images/I/41te-uzWxDL._AC_UL600_SR600,400_.jpg
Amazon Basics In Ear Wired Headphones. Earbuds with Microphone No Wireless Technology. Black. 0.96 x 0.56 x 0.64in,$6.26,https://images-na.ssl-images-amazon.com/images/I/51xZdrJfCzL._AC_UL600_SR600,400_.jpg
Power Strip. ALESTOR Surge Protector with 12 Outlets and 4 USB Ports. 6 Feet Extension Cord (1875W/15A). 2700 Joules. ETL Listed. Black,$21.98,https://images-na.ssl-images-amazon.com/images/I/71IICpZJ1RL._AC_UL600_SR600,400_.jpg
Roku Streaming Stick 4K | Portable Roku Streaming Device 4K/HDR/Dolby Vision. Roku Voice Remote. Free & Live TV,$49.99,https://images-na.ssl-images-amazon.com/images/I/81Z7+LBxPKL._AC_UL600_SR600,400_.jpg
Wall Charger. Surge Protector. QINLIANF 5 Outlet Extender with 4 USB Charging Ports (4.8A Total) 3-Sided 1680J Power Strip Multi Plug Adapter Spaced for Home Travel Office (3U1C),$11.98,https://images-na.ssl-images-amazon.com/images/I/61Hh-YlfJOL._AC_UL600_SR600,400_.jpg
Roku Express 4K+ | Roku Streaming Device 4K/HDR. Roku Voice Remote. Free & Live TV,$38.00,https://images-na.ssl-images-amazon.com/images/I/71EZAE6fljL._AC_UL600_SR600,400_.jpg
Echo Dot (5th Gen. 2022 release) | With bigger vibrant sound. helpful routines and Alexa | Charcoal,$49.99,https://images-na.ssl-images-amazon.com/images/I/518cRYanpbL._AC_UL600_SR600,400_.jpg
Full Motion TV Monitor Wall Mount Bracket Articulating Arms Swivels Tilts Extension Rotation for Most 13-42 Inch LED LCD Flat Curved Screen TVs & Monitors. Max VESA 200x200mm up to 44lbs by Pipishell,$21.99,https://images-na.ssl-images-amazon.com/images/I/61EBlj11AbL._AC_UL600_SR600,400_.jpg
Apple EarPods Headphones with 3.5mm Plug. Microphone with Built-in Remote to Control Music. Phone Calls. and Volume. Wired Earbuds,$16.99,https://images-na.ssl-images-amazon.com/images/I/51Vb60gP5HL._AC_UL600_SR600,400_.jpg
Surge Protector Power Strip - Extension Cord with 8 Widely Outlets 4 USB Ports. 3 Side Multi Plug Outlet Extender. Flat Plug. 5Ft. Wall Mount. Desk USB Charging Station for Home Office Dorm Room ETL,$16.99,https://images-na.ssl-images-amazon.com/images/I/61ZbXVoHlDL._AC_UL600_SR600,400_.jpg
(Pack of 2) Replaced Remote Control Only for Roku TV. Compatible for TCL Roku/Hisense Roku/Onn Roku/Sharp Roku/Element Roku/Westinghouse Roku/Philips Roku Series Smart TVs (Not for Roku Stick and Box),$12.57,https://images-na.ssl-images-amazon.com/images/I/71qzTnadGmL._AC_UL600_SR600,400_.jpg
Wireless Earbuds Bluetooth Headphones 48hrs Play Back Sport Earphones with LED Display Over-Ear Buds with Earhooks Built-in Mic Headset for Workout Black BMANI-VEAT00L,$39.99,https://images-na.ssl-images-amazon.com/images/I/71ggPeuFeiL._AC_UL600_SR600,400_.jpg
Echo Dot (5th Gen. 2022 release) with clock | Smart speaker with clock and Alexa | Cloud Blue,$59.99,https://images-na.ssl-images-amazon.com/images/I/41dCprAmf0L._AC_UL600_SR600,400_.jpg
Apple AirPods (3rd Generation) Wireless Earbuds with Lightning Charging Case. Spatial Audio. Sweat and Water Resistant. Up to 30 Hours of Battery Life. Bluetooth Headphones for iPhone,$159.95,https://images-na.ssl-images-amazon.com/images/I/61jcsHsFN8L._AC_UL600_SR600,400_.jpg
Roku Express (New) | HD Roku Streaming Device with Simple Remote (no TV controls). Free & Live TV,$28.88,https://images-na.ssl-images-amazon.com/images/I/71tK-UqLSCL._AC_UL600_SR600,400_.jpg
Fujifilm Instax Mini Instant Film Twin Pack (White),$13.98,https://images-na.ssl-images-amazon.com/images/I/61dgEk4GNlL._AC_UL600_SR600,400_.jpg
POWMEE P20 Kids Headphones Over-Ear Headphones for Kids/Teens/Boys/Girls/School with 94dB Volume Limited Adjustable Stereo Tangle-Free 3.5MM Jack Wire Cord for Fire Tablets/Travel/PC/Phones(Blue),$9.99,https://images-na.ssl-images-amazon.com/images/I/61ZQCWuUl+L._AC_UL600_SR600,400_.jpg
Mounting Dream UL Listed TV Mount for Most 37-70 Inch TV. Universal Tilt TV Wall Mount Fit 16". 18". 24" Stud with Loading Capacity 132lbs. Max Vesa 600 x 400mm. Low Profile Flat Wall Mount Bracket,$32.99,https://images-na.ssl-images-amazon.com/images/I/61DNtJ07-0L._AC_UL600_SR600,400_.jpg
Kindle Paperwhite (8 GB) – Now with a 6.8" display and adjustable warm light – Black,$139.99,https://images-na.ssl-images-amazon.com/images/I/51QCk82iGcL._AC_UL300_SR300,200_.jpg
Roku Voice Remote (Official) for Roku Players. Roku Audio. and Roku TV,$19.88,https://images-na.ssl-images-amazon.com/images/I/61hqPKLHI-L._AC_UL300_SR300,200_.jpg
noot products Kids Headphones K33 Foldable Stereo Tangle-Free 5ft Long Cord 3.5mm Jack Plug in Wired On-Ear Headset for iPad/Amazon Kindle.Fire/Boys/Girls/School/Travel/Plane/Tablet (Electric Blue),$11.99,https://images-na.ssl-images-amazon.com/images/I/714dVWam9aL._AC_UL300_SR300,200_.jpg
Apple 2020 MacBook Air Laptop M1 Chip. 13" Retina Display. 8GB RAM. 256GB SSD Storage. Backlit Keyboard. FaceTime HD Camera. Touch ID. Works with iPhone/iPad; Silver,$749.99,https://images-na.ssl-images-amazon.com/images/I/71TPda7cwUL._AC_UL300_SR300,200_.jpg
Kids Headphones - noot products K11 Foldable Stereo Tangle-Free 3.5mm Jack Wired Cord On-Ear Headset for Children/Teens/Boys/Girls/Smartphones/School/Kindle/Airplane Travel/Plane/Tablet (Navy/Teal),$16.99,https://images-na.ssl-images-amazon.com/images/I/715Sv8XftgL._AC_UL300_SR300,200_.jpg
Fire TV Stick Lite. free and live TV. Alexa Voice Remote Lite. smart home controls. HD streaming,$29.99,https://images-na.ssl-images-amazon.com/images/I/41DTzx56EWL._AC_UL300_SR300,200_.jpg
Apple iPad (10th Generation): with A14 Bionic chip. 10.9-inch Liquid Retina Display. 64GB. Wi-Fi 6. 12MP front/12MP Back Camera. Touch ID. All-Day Battery Life – Blue,$399.99,https://images-na.ssl-images-amazon.com/images/I/61uA2UVnYWL._AC_UL300_SR300,200_.jpg
INSIGNIA 32-inch Class F20 Series Smart HD 720p Fire TV (NS-32F201NA23. 2022 Model),$89.99,https://images-na.ssl-images-amazon.com/images/I/815E5aShTqL._AC_UL300_SR300,200_.jpg
Cable Zip Ties.400 Pack Black Zip Ties Assorted Sizes 12+8+6+4 Inch.Multi-Purpose Self-Locking Nylon Cable Ties Cord Management Ties.Plastic Wire Ties for Home.Office.Garden.Workshop. By HAVE ME TD,$6.99,https://images-na.ssl-images-amazon.com/images/I/71+0M5K+jgL._AC_UL300_SR300,200_.jpg
Upgraded. Anker Soundcore Bluetooth Speaker with IPX5 Waterproof. Stereo Sound. 24H Playtime. Portable Wireless Speaker for iPhone. Samsung and More,$27.99,https://images-na.ssl-images-amazon.com/images/I/61iJoQoiVnL._AC_UL300_SR300,200_.jpg
Bluetooth Headphones Wireless Earbuds 80hrs Playtime Wireless Charging Case Digital Display Sports Ear buds with Earhook Premium Deep Bass IPX7 Waterproof Over-Ear Earphones for TV Phone Laptop Black,$35.99,https://images-na.ssl-images-amazon.com/images/I/71G9a1iSpHL._AC_UL300_SR300,200_.jpg
All-new Echo Show 5 (3rd Gen. 2023 release) | Smart display with 2x the bass and clearer sound | Charcoal ,$89.99,https://images-na.ssl-images-amazon.com/images/I/51jf-jmkW5L._AC_UL300_SR300,200_.jpg
Introducing Echo Pop | Full sound compact smart speaker with Alexa | Lavender Bloom,$39.99,https://images-na.ssl-images-amazon.com/images/I/41hc6XqAqrL._AC_UL300_SR300,200_.jpg
Flat Plug Power Strip. TESSAN 5 ft Ultra Thin Extension Cord with 3 USB Wall Charger(1 USB C Port). 4 Outlets Slim Desk Charging Station Compact for Travel. Office. School. Dorm Room Essentials,$19.99,https://images-na.ssl-images-amazon.com/images/I/61xffPLJ4NL._AC_UL300_SR300,200_.jpg
TOZO T6 True Wireless Earbuds Bluetooth 5.3 Headphones Touch Control with Wireless Charging Case IPX8 Waterproof Stereo Earphones in-Ear Built-in Mic Headset Premium Deep Bass Black,$20.99,https://images-na.ssl-images-amazon.com/images/I/71cVOgvystL._AC_UL300_SR300,200_.jpg
Surge Protector Power Strip - Nuetsa Flat Plug Extension Cord with 8 Outlets and 4 USB Ports. 6 Feet Power Cord (1625W/13A). 2700 Joules. ETL Listed. Black,$17.98,https://images-na.ssl-images-amazon.com/images/I/61JYu06+E3L._AC_UL300_SR300,200_.jpg
Perytong Sleep Headphones Wireless. Bluetooth Sports Headband Headphones with Ultra-Thin HD Stereo Speakers Perfect for Sleeping.Workout.Jogging.Yoga.Insomnia. Air Travel. Meditation. Grey,$19.99,https://images-na.ssl-images-amazon.com/images/I/81JqxoUzGML._AC_UL300_SR300,200_.jpg
Amazon Fire HD 10 tablet. 10.1". 1080p Full HD. 64 GB. latest model (2021 release). Black,$129.99,https://images-na.ssl-images-amazon.com/images/I/61uE03cRsyS._AC_UL300_SR300,200_.jpg
USB 3.0 Hub. VIENON 4-Port USB Hub USB Splitter USB Expander for Laptop. Xbox. Flash Drive. HDD. Console. Printer. Camera.Keyborad. Mouse,$7.99,https://images-na.ssl-images-amazon.com/images/I/51MiG9+u4lL._AC_UL300_SR300,200_.jpg
Surge Protector Power Strip - 6 Ft Flat Plug Extension Cord with 8 Widely Outlets and 4 USB Ports(1 USB C). 3 Side Outlet Extender for Home Office. White. ETL Listed,$15.48,https://images-na.ssl-images-amazon.com/images/I/61U-Z4eTs7L._AC_UL300_SR300,200_.jpg
Fire TV Stick Lite. free and live TV. Alexa Voice Remote Lite. smart home controls. HD streaming,$29.99,https://images-na.ssl-images-amazon.com/images/I/51Da2Z+FTFL._AC_UL600_SR600,400_.jpg
COMSOON Bluetooth 5.0 Receiver for Car. Noise Cancelling Bluetooth AUX Adapter. Bluetooth Music Receiver for Home Stereo/Wired Headphones. Hands-Free Call. 16H Battery Life - Black+Silver,$16.99,https://images-na.ssl-images-amazon.com/images/I/71jedtuRDHS._AC_UL600_SR600,400_.jpg
Soundcore Anker Life Q20 Hybrid Active Noise Cancelling Headphones. Wireless Over Ear Bluetooth Headphones. 40H Playtime. Hi-Res Audio. Deep Bass. Memory Foam Ear Cups. for Travel. Home Office,$44.99,https://images-na.ssl-images-amazon.com/images/I/61O7S27O+jL._AC_UL600_SR600,400_.jpg
Kindle (2022 release) – The lightest and most compact Kindle. now with a 6” 300 ppi high-resolution display. and 2x the storage - Black,$99.99,https://images-na.ssl-images-amazon.com/images/I/714brROA9eL._AC_UL600_SR600,400_.jpg
Cable Clips. OHill 16 Pack Black Adhesive Cord Holders. Ideal Cords Management for Organizing Cable Wires-Home. Office. Car. Desk & Nightstand,$8.99,https://images-na.ssl-images-amazon.com/images/I/71SrHDrrHML._AC_UL600_SR600,400_.jpg
[3 Pairs] Replacement Ear Tips for Airpods Pro and Airpods Pro 2nd Generation with Noise Reduction Hole. Silicone Ear Tips for Airpods Pro with Portable Storage Box and Fit in The Charging Case(S/M/L),$9.99,https://images-na.ssl-images-amazon.com/images/I/616rgsux9KL._AC_UL600_SR600,400_.jpg
TOZO T10 Bluetooth 5.3 Wireless Earbuds with Wireless Charging Case IPX8 Waterproof Stereo Headphones in Ear Built in Mic Headset Premium Sound with Deep Bass for Sport Black,$23.99,https://images-na.ssl-images-amazon.com/images/I/715CLGC8OML._AC_UL600_SR600,400_.jpg
Apple iPad Air (5th Generation): with M1 chip. 10.9-inch Liquid Retina Display. 64GB. Wi-Fi 6. 12MP front/12MP Back Camera. Touch ID. All-Day Battery Life – Space Gray,$499.99,https://images-na.ssl-images-amazon.com/images/I/61XZQXFQeVL._AC_UL600_SR600,400_.jpg
Newest Universal Remote Control for All Samsung TV Remote Compatible All Samsung LCD LED HDTV 3D Smart TVs Models,$12.86,https://images-na.ssl-images-amazon.com/images/I/61TTDKvKG+L._AC_UL600_SR600,400_.jpg
USB Wall Charger Surge Protector 5 Outlet Extender with 4 USB Charging Ports (1 USB C Outlet) 3 Sided 1800J Power Strip Multi Plug Outlets Wall Adapter Spaced for Home Travel Office ETL Listed,$11.97,https://images-na.ssl-images-amazon.com/images/I/51q27AdELqL._AC_UL600_SR600,400_.jpg
Echo Show 8 (2nd Gen. 2021 release) | HD smart display with Smart Home connectivity and Alexa | Charcoal,$129.99,https://images-na.ssl-images-amazon.com/images/I/51yQll2L7xL._AC_UL600_SR600,400_.jpg
Amazon Basics Full Motion Articulating TV Monitor Wall Mount for 26" to 55" TVs and Flat Panels up to 80 Lbs. Black,$26.04,https://images-na.ssl-images-amazon.com/images/I/71IDfON2nfL._AC_UL600_SR600,400_.jpg
 Amazon Fire HD 8 tablet. your gateway to entertainment. 8” HD display. hexa-core processor. 2GB RAM. 13-hr battery. (2022 release). 32 GB. Black,$99.99,https://images-na.ssl-images-amazon.com/images/I/61fgc1OW1ZL._AC_UL600_SR600,400_.jpg
Kids Headphones-noot products K22 Foldable Stereo Tangle-Free 5ft Long Cord 3.5mm Jack Plugin Wired On-Ear Headset for iPad/AmazonKindle.Fire/Girls/Boys/School/Laptop/Travel/Plane/Tablet FlamingoPink,$13.99,https://images-na.ssl-images-amazon.com/images/I/61YaH4ekhVL._AC_UL600_SR600,400_.jpg
Amazon Basics Rectangular 6-Outlet Surge Protector Power Strip. 6-Foot Long Cord. 790 Joule - Black,$11.40,https://images-na.ssl-images-amazon.com/images/I/71+kTOfLD2L._AC_UL600_SR600,400_.jpg
REDTIGER Dash Cam Front Rear. 4K/2.5K Full HD Dash Camera for Cars. Free 32GB SD Card. Built-in Wi-Fi GPS. 3.18” IPS Screen. Night Vision. 170°Wide Angle. WDR. 24H Parking Mode,$127.49,https://images-na.ssl-images-amazon.com/images/I/71w6PL8jOhL._AC_UL600_SR600,400_.jpg
VIZIO 40-inch D-Series Full HD 1080p Smart TV with AMD FreeSync. Apple AirPlay and Chromecast Built-in. Alexa Compatibility. D40f-J09. 2022 Model,$168.00,https://images-na.ssl-images-amazon.com/images/I/81YMd8mWQ+L._AC_UL600_SR600,400_.jpg
USX MOUNT Full Motion TV Wall Mount for Most 47-84 inch Flat Screen/LED/4K TV. TV Mount Bracket Dual Swivel Articulating Tilt 6 Arms. Max VESA 600x400mm. Holds up to 132lbs. Fits 8” 12” 16" Wood Studs,$48.99,https://images-na.ssl-images-amazon.com/images/I/8113Ft7pAdS._AC_UL600_SR600,400_.jpg
TAGRY Bluetooth Headphones True Wireless Earbuds 60H Playback LED Power Display Earphones with Wireless Charging Case IPX5 Waterproof in-Ear Earbuds with Mic for TV Smart Phone Computer Laptop Sports,$34.99,https://images-na.ssl-images-amazon.com/images/I/61o1xjvnrpL._AC_UL600_SR600,400_.jpg
Fujifilm Instax Mini Instant Film. 10 Sheets×5 Pack(Total 50 Shoots) [Bulk Packaging],$42.67,https://images-na.ssl-images-amazon.com/images/I/61QXLwehWRS._AC_UL600_SR600,400_.jpg
ELECDER i37 Kids Headphones Children Girls Boys Teens Foldable Adjustable On Ear Headphones 3.5mm Jack Compatible Cellphones Computer MP3/4 Kindle School Tablet Green/Purple,$15.99,https://images-na.ssl-images-amazon.com/images/I/61RXkpLbz7L._AC_UL600_SR600,400_.jpg
RC280 Replacement Remote Applicable for TCL Roku TV 55UP120 32S4610R 50FS3750 32FS3700 32FS4610R 32S800 32S850 32S3850 48FS3700 55FS3700 65S405 43S405 49S405 40S3800 50S431 55S431 43S435 50S435 43S525,$6.95,https://images-na.ssl-images-amazon.com/images/I/61EwOpKQJAL._AC_UL600_SR600,400_.jpg
Amazon Basics Toslink Digital Optical Audio Cable. Multi-Channel. for Audio System. Sound Bar. Home Theatre. Gold-Plated Connectors. 6 Foot. Black,$8.35,https://images-na.ssl-images-amazon.com/images/I/71vq-VtaeVL._AC_UL600_SR600,400_.jpg
Power Strip Surge Protector - Flat Plug. Wall Mount. 8 Wide Outlets with 4 USB Ports (1 USB C). 5FT Heavy Duty Extension Cord with Multiple Outlets. Charging Station Overload Protection for Home Dorm,$15.98,https://images-na.ssl-images-amazon.com/images/I/51mOg+KVqJL._AC_UL600_SR600,400_.jpg
Alex Tech 10ft - 1/2 inch Cord Protector Wire Loom Tubing Cable Sleeve Split Sleeving For USB Cable Power Cord Audio Video Cable – Protect Cat From Chewing Cords - Black,$7.63,https://images-na.ssl-images-amazon.com/images/I/71t6eXtVD6L._AC_UL600_SR600,400_.jpg
Wireless Earbuds Bluetooth Headphones 60H Playtime Ear Buds with LED Power Display Charging Case Earphones in-Ear Earbud with Microphone for Android Cell Phone Gaming Computer Laptop Sport Black,$29.99,https://images-na.ssl-images-amazon.com/images/I/613+h5iz9VL._AC_UL600_SR600,400_.jpg
KVIDIO [Updated] Bluetooth Headphones Over Ear. 65 Hours Playtime Wireless Headphones with Microphone.Foldable Lightweight Headset with Deep Bass.HiFi Stereo Sound for Travel Work Cellphone,$26.99,https://images-na.ssl-images-amazon.com/images/I/71Hx8b6HGbL._AC_UL600_SR600,400_.jpg
RORSOU R10 Kids Headphones with Microphone. Lightweight Folding Stereo Bass Headphones with 1.5M No-Tangle Cord. Portable Wired Headphones for Smartphone Tablet Computer MP3 / 4 (Black),$16.99,https://images-na.ssl-images-amazon.com/images/I/61z-rTknwVS._AC_UL600_SR600,400_.jpg
Tile Mate 1-Pack. Black. Bluetooth Tracker. Keys Finder and Item Locator for Keys. Bags and More; Up to 250 ft. Range. Water-Resistant. Phone Finder. iOS and Android Compatible.,$19.73,https://images-na.ssl-images-amazon.com/images/I/4161BoDqu3L._AC_UL600_SR600,400_.jpg
Cord Cover Raceway Kit. 157in Cable Cover Channel. Paintable Cord Concealer System Cable Hider. Cord Wires. Hiding Wall Mount TV Powers Cords in Home Office. 10X L15.7in X W0.95in X H0.55in. White,$17.99,https://images-na.ssl-images-amazon.com/images/I/51n0dLK+ApL._AC_UL600_SR600,400_.jpg
iClever Kids Headphones for School Travel. Safe Volume 85/94dB. HD Mic Stereo Sound Over-Ear Girls Boys Headphones for Kid. FunShare Foldable 3.5mm Wired Kids Headphones for iPad Computer. HS19 Blue,$16.99,https://images-na.ssl-images-amazon.com/images/I/713nNpDyIhL._AC_UL300_SR300,200_.jpg
Amazon Fire 7 tablet. 7” display. 16 GB. 10 hours battery life. light and portable for entertainment at home or on-the-go. (2022 release). Black,$59.99,https://images-na.ssl-images-amazon.com/images/I/51092zEMKaL._AC_UL300_SR300,200_.jpg
LORELEI X6 Over-Ear Headphones with Microphone. Lightweight Foldable & Portable Stereo Bass Headphones with 1.45M No-Tangle. Wired Headphones for Smartphone Tablet MP3 / 4 (Space Black),$16.99,https://images-na.ssl-images-amazon.com/images/I/61+tA0bjw5L._AC_UL300_SR300,200_.jpg
Universal Remote Control. XRT136 for VIZIO All LED LCD HD 4K UHD HDR Smart TVs,$12.99,https://images-na.ssl-images-amazon.com/images/I/61jgBGX01TL._AC_UL300_SR300,200_.jpg
Kindle Paperwhite (16 GB) – Now with a 6.8" display and adjustable warm light – Black,$149.99,https://images-na.ssl-images-amazon.com/images/I/51QCk82iGcL._AC_UL300_SR300,200_.jpg
Amazon Basics Rectangular 6-Outlet Surge Protector Power Strip. 6-Foot Long Cord. 790 Joule - White,$11.87,https://images-na.ssl-images-amazon.com/images/I/71-N0PxSwJL._AC_UL300_SR300,200_.jpg
Apple USB-C to 3.5 mm Headphone Jack Adapter,$8.48,https://images-na.ssl-images-amazon.com/images/I/21Fb1L9uFeL._AC_UL300_SR300,200_.jpg
Anker Power Strip Surge Protector (2100J). 12 Outlets with 2 USB A and 1 USB C Port for Multiple Devices. 5ft Extension Cord. 20W Power Delivery Charging for Home. Office. Dorm Essential. TUV Listed,$22.99,https://images-na.ssl-images-amazon.com/images/I/71ENK9+WQzL._AC_UL300_SR300,200_.jpg
Baseus Wireless Earbuds. 140H Playback -48dB Active Noise Cancelling Bluetooth 5.3 Earbuds with IPX6 Waterproof 4 ENC Mics 0.038s Low Latency Fast Charge Ear Buds for Android iOS(Bowie MA10),$26.98,https://images-na.ssl-images-amazon.com/images/I/51ChGSACXYL._AC_UL300_SR300,200_.jpg
Earbuds Headphones with Microphone Pack of 5. Noise Isolating Wired Earbuds. Earphones with Powerful Heavy Bass Stereo. Compatible with Android. iPhone. iPad. Laptops. MP3 and Most 3.5mm Interface,$14.99,https://images-na.ssl-images-amazon.com/images/I/71xwdYUhGFL._AC_UL300_SR300,200_.jpg
AILIHEN C8 Headphones Wired with Microphone and Volume Control Folding Lightweight Headset for Cellphones Tablets Chromebook Smartphones Laptop Computer PC Mp3/4 (Black/Blue),$19.98,https://images-na.ssl-images-amazon.com/images/I/81yiZag3xhL._AC_UL300_SR300,200_.jpg
Beats Studio Buds – True Wireless Noise Cancelling Earbuds – Compatible with Apple & Android. Built-in Microphone. IPX4 Rating. Sweat Resistant Earphones. Class 1 Bluetooth Headphones - Black,$99.95,https://images-na.ssl-images-amazon.com/images/I/51bRSWrEc7S._AC_UL300_SR300,200_.jpg
INSIGNIA 24-inch Class F20 Series Smart HD 720p Fire TV (NS-24F201NA23. 2022 Model),$64.99,https://images-na.ssl-images-amazon.com/images/I/811quPi2PUL._AC_UL300_SR300,200_.jpg
Replacement Remote for Insignia/Toshiba Smart TVs Compatible with All Insignia Fire Smart TVs and Toshiba Fire Smart TVs,$12.99,https://images-na.ssl-images-amazon.com/images/I/61PO9pYLdbL._AC_UL300_SR300,200_.jpg
Outlet Extender USB Surge Protector - 3 Sided Power Strip Multi Plug Outlets Wall Adapter Spaced with 5-Outlet Splitter and 4 USB Ports (2 USB C Ports) for Home. Office. School. ETL Listed,$10.84,https://images-na.ssl-images-amazon.com/images/I/51tjK2xYcEL._AC_UL300_SR300,200_.jpg
Twelve South AirFly SE. Bluetooth Wireless Audio Transmitter for AirPods/Wireless or Noise-Cancelling Headphones Use with Any 3.5 mm Audio Jack on Airplanes. Gym Equipment or iPad/Tablets,$34.99,https://images-na.ssl-images-amazon.com/images/I/51HhyUqXImL._AC_UL300_SR300,200_.jpg
Power Strip Surge Protector. 5Ft Extension Cord. 6 Outlets with 3 USB Ports(1 USB C Outlet). 3-Side Outlet Extender. Wall Mount. Compact for Travel. Home. School. College Dorm Room. and Office,$15.99,https://images-na.ssl-images-amazon.com/images/I/61SwKroqmDL._AC_UL300_SR300,200_.jpg
Tower Surge Protector Power Strip 10 ft Cord. TESSAN Long Extension Cord with Multiple Outlets. 8 AC Outlets with 4 USB Ports Charging Station. Home Office Supplies. Dorm Room Essentials,$28.99,https://images-na.ssl-images-amazon.com/images/I/51QT-eTOAkL._AC_UL300_SR300,200_.jpg
Google Chromecast with Google TV (4K)- Streaming Stick Entertainment with Voice Search - Watch Movies. Shows. and Live TV in 4K HDR - Snow,$49.98,https://images-na.ssl-images-amazon.com/images/I/51M+qQwzrdL._AC_UL300_SR300,200_.jpg
Roku Voice Remote Pro with TV controls | Rechargeable . lost remote finder. private listening . and shortcut buttons for Roku Players. TV. & Streambars,$29.14,https://images-na.ssl-images-amazon.com/images/I/714VHh6NTQL._AC_UL300_SR300,200_.jpg